MAE,MSE,RMSE,R2,set,modelo
18.232066268600665,475.8707611617132,21.81446220198227,0.0332946836241935,test,Linear Regresion
18.388839964801,485.8647503863676,22.042339948071927,0.027021092937512,train,Linear Regresion
20.486973304473302,773.6174202490662,27.813978864036446,-0.5715613020014201,test,Decission Tree_sin hiperp
0.2271402417027417,7.121249864718615,2.668567005851383,0.9857391879020182,train,Decission Tree_sin hiperp
18.02934713934967,470.40502221605954,21.688822517971317,0.0443980321127343,test,Decision tree II
17.80355211504537,461.8507719963696,21.49071362231533,0.0751108019142224,train,Decision tree II
17.60372089428592,448.78263573420566,21.184490452550556,0.0883227227445198,test,Random Forest I
17.132595368079667,425.99466587561636,20.639638220560368,0.14691521850782008,train,Random Forest I
